scale,background,threshold,gapRebound
1.0,transparent,0.011764705882352941,0.7019607843137254
1.0,transparent,0.011764705882352941,0.7019607843137254
1.0,transparent,0.011764705882352941,0.7019607843137254
1.0,1.0,0.011764705882352941,0.4532141327330078
1.0,1.0,0.011764705882352941,0.413392363484576
1.0,1.0,0.011764705882352941,0.4624292707537304
1.0,0.85,0.011764705882352941,0.3722714308110802
1.0,0.85,0.011764705882352941,0.35042141561971685
1.0,0.85,0.011764705882352941,0.370288757508174
1.0,0.2,0.011764705882352941,0.32446108672089485
1.0,0.2,0.011764705882352941,0.4130370631462599
1.0,0.2,0.011764705882352941,0.24669669486894072
2.0,transparent,0.011764705882352941,0.7019607843137254
2.0,transparent,0.011764705882352941,0.7019607843137254
2.0,transparent,0.011764705882352941,0.7019607843137254
2.0,1.0,0.011764705882352941,0.4532141327330078
2.0,1.0,0.011764705882352941,0.413392363484576
2.0,1.0,0.011764705882352941,0.4624292707537304
2.0,0.85,0.012126141988552594,0.3722714308110802
2.0,0.85,0.012126141988552594,0.35042141561971685
2.0,0.85,0.012126141988552594,0.370288757508174
2.0,0.2,0.011801042063711284,0.32446108672089485
2.0,0.2,0.011801042063711284,0.4130370631462599
2.0,0.2,0.011801042063711284,0.24669669486894072
